Timestamp,The system is accurate,The system is unreliable,The interaction with the system is unpredictable,The system didn't always do what I wanted,The system didn't always do what I expected,The system is dependable,The system makes few errors,The interaction with the system is consistent,The interaction with the system is efficient,The system is useful,The system is pleasant,The system is friendly,I was able to recover easily from errors,I enjoyed using the system,It is clear how to speak to the system,It is easy to learn to use the system,I would use this system,I felt in control of the interaction with the system,The interaction with the system is repetitive,The interaction with the system is boring,The interaction with the system is irritating,The interaction with the system is frustrating,The system is too inflexible,What is your age?,Which gender identity best describes you?,What configuration of the system did you interact with? Ask the assisting student if unsure.
02/04/2025 09:52:10,5,4,3,2,5,2,5,7,3,6,6,6,4,6,4,7,4,6,7,2,2,3,3,23,Man,Version B
02/04/2025 10:18:36,3,5,3,5,5,5,3,5,5,5,5,5,2,5,4,6,4,5,2,3,3,3,2,23,Man,Version A
02/04/2025 10:45:19,6,1,1,1,2,6,7,7,6,7,7,7,7,7,7,6,7,6,1,2,1,1,3,24,Woman,Version B
02/04/2025 11:36:51,3,6,2,3,3,4,2,3,2,5,5,7,6,3,6,7,2,6,5,5,5,2,5,23,Man,Version A
02/04/2025 12:36:15,5,2,2,5,3,5,6,7,2,5,6,7,2,6,6,7,5,5,3,5,5,7,2,22,Man,Version B
02/04/2025 13:04:05,6,3,3,2,4,5,4,3,5,5,7,7,4,5,7,7,4,6,5,5,2,3,5,24,Woman,Version A
02/04/2025 13:23:40,3,2,1,1,7,6,7,7,2,5,5,4,4,6,7,7,5,6,7,5,5,5,2,21,Man,Version B
02/04/2025 13:52:07,5,5,5,5,5,4,3,4,6,6,5,6,3,7,5,6,6,5,5,3,5,4,3,27,Man,Version A
02/04/2025 14:18:15,5,1,1,4,1,5,4,7,3,4,7,7,1,7,7,7,4,5,7,1,4,4,5,22,Man,Version B
02/04/2025 14:50:39,5,2,1,5,4,2,6,7,6,7,7,7,5,7,7,7,6,6,4,3,2,2,2,22,Man,Version A
02/04/2025 15:22:05,4,2,3,2,2,6,5,6,6,6,3,5,2,5,7,6,5,4,7,6,5,5,6,22,Man,Version A
02/04/2025 15:33:58,4,5,5,6,4,4,5,6,4,4,1,1,7,5,5,7,3,5,5,3,4,4,3,22,Man,Version B
02/04/2025 16:26:57,5,6,5,6,7,2,6,6,5,2,3,6,5,4,3,5,2,2,7,2,6,6,7,21,Man,Version B
02/04/2025 17:29:58,4,3,3,5,5,2,3,6,2,5,3,5,3,3,6,6,3,3,6,6,5,3,2,24,Man,Version B