Timestamp,The interaction with the system is boring,It is easy to learn to use the system,The interaction with the system is consistent,The system is dependable,The system is pleasant,I enjoyed using the system,The system didn't always do what I expected,It is clear how to speak to the system,The system is unreliable,The system makes few errors,The interaction with the system is irritating,The interaction with the system is repetitive,The system is accurate,The interaction with the system is efficient,I felt in control of the interaction with the system,The system is useful,The system is friendly,I was able to recover easily from errors,The interaction with the system is frustrating,The system is too inflexible,The system didn't always do what I wanted,I would use this system,The interaction with the system is unpredictable,Which gender identity best describes you?,What configuration of the system did you interact with? Ask the assisting student if unsure.
4/2/25 19:15:46,3,7,3,4,5,5,7,7,6,6,2,1,4,5,4,2,7,7,3,2,4,2,4,Man,Version B
4/3/25 12:48:29,1,7,7,6,7,7,2,7,2,5,1,5,6,6,6,6,7,4,1,1,5,6,2,Man,Version B
4/3/25 13:09:05,1,6,7,5,5,6,2,6,2,5,1,3,4,5,7,5,6,2,1,2,4,6,2,Woman,Version B
4/3/25 13:11:39,2,7,6,6,6,6,5,7,2,3,2,6,5,6,6,6,3,5,3,6,5,5,3,Woman,Version A
4/3/25 13:55:32,5,6,4,4,5,5,5,5,4,4,6,5,5,4,6,6,6,5,1,4,5,2,4,Woman,Version A
4/3/25 13:27:31,3,5,6,7,5,7,5,5,3,4,2,6,6,4,3,5,6,4,3,,3,4,4,Man,Version B
4/3/25 14:39:14,5,4,3,4,4,3,5,6,6,3,5,6,5,2,2,3,3,5,4,4,3,1,5,Man,Version A
4/3/25 14:41:23,1,5,5,5,5,7,4,7,1,2,1,4,6,5,5,6,6,6,1,1,1,5,1,Woman,Version B
4/3/25 15:12:57,1,6,6,6,7,7,1,7,1,6,1,2,6,7,7,7,7,6,2,2,2,6,1,Man,Version A
4/3/25 15:45:14,5,2,4,5,4,7,5,3,2,4,1,5,6,4,1,6,5,4,2,2,4,5,2,Man,Version B
4/3/25 16:31:14,4,6,6,5,4,5,5,7,3,4,2,4,5,6,5,6,6,6,1,5,4,5,2,Man,Version A
4/4/25 10:31:47,2,7,6,4,4,6,5,7,5,5,2,5,4,4,5,3,4,3,4,6,6,3,5,Man,Version A
4/4/25 10:57:48,4,6,6,5,4,6,5,5,3,5,2,5,5,5,4,4,5,5,2,2,5,5,3,Woman,Version B
4/4/25 15:05:05,4,5,6,6,5,6,2,5,2,5,3,2,5,4,6,7,6,5,4,2,2,6,1,Woman,Version B
4/4/25 15:51:13,5,7,4,2,3,4,7,3,5,6,4,7,4,3,2,2,7,4,5,5,6,2,5,Woman,Version B
4/4/25 19:34:33,2,5,6,5,6,7,6,6,2,5,1,4,4,7,7,7,6,5,1,1,2,6,5,Woman,Version A